"LengthColumnNames","SubjectTestTrain_Vector","SubjectTestTrain_Vector_New"
1,"Code","Code"
2,"Subject","Subject"
3,"Activity","Activity"
4,"tBodyAcc.mean...X","TimeBodyAccelerometerMean()-X"
5,"tBodyAcc.mean...Y","TimeBodyAccelerometerMean()-Y"
6,"tBodyAcc.mean...Z","TimeBodyAccelerometerMean()-Z"
7,"tBodyAcc.std...X","TimeBodyAccelerometerStd()-X"
8,"tBodyAcc.std...Y","TimeBodyAccelerometerStd()-Y"
9,"tBodyAcc.std...Z","TimeBodyAccelerometerStd()-Z"
10,"tBodyAcc.mad...X","TimeBodyAccelerometer-Median_Absolute_Deviation()-X"
11,"tBodyAcc.mad...Y","TimeBodyAccelerometer-Median_Absolute_Deviation()-Y"
12,"tBodyAcc.mad...Z","TimeBodyAccelerometer-Median_Absolute_Deviation()-Z"
13,"tBodyAcc.max...X","TimeBodyAccelerometer-max()-X"
14,"tBodyAcc.max...Y","TimeBodyAccelerometer-max()-Y"
15,"tBodyAcc.max...Z","TimeBodyAccelerometer-max()-Z"
16,"tBodyAcc.min...X","TimeBodyAccelerometer-min()-X"
17,"tBodyAcc.min...Y","TimeBodyAccelerometer-min()-Y"
18,"tBodyAcc.min...Z","TimeBodyAccelerometer-min()-Z"
19,"tBodyAcc.sma..","TimeBodyAccelerometer-SignalMagnitudeArea()"
20,"tBodyAcc.energy...X","TimeBodyAccelerometer-energy()-X"
21,"tBodyAcc.energy...Y","TimeBodyAccelerometer-energy()-Y"
22,"tBodyAcc.energy...Z","TimeBodyAccelerometer-energy()-Z"
23,"tBodyAcc.iqr...X","TimeBodyAccelerometer-InterquartileRange()-X"
24,"tBodyAcc.iqr...Y","TimeBodyAccelerometer-InterquartileRange()-Y"
25,"tBodyAcc.iqr...Z","TimeBodyAccelerometer-InterquartileRange()-Z"
26,"tBodyAcc.entropy...X","TimeBodyAccelerometer-entropy()-X"
27,"tBodyAcc.entropy...Y","TimeBodyAccelerometer-entropy()-Y"
28,"tBodyAcc.entropy...Z","TimeBodyAccelerometer-entropy()-Z"
29,"tBodyAcc.arCoeff...X.1","TimeBodyAccelerometer-arCoeff()-X,1"
30,"tBodyAcc.arCoeff...X.2","TimeBodyAccelerometer-arCoeff()-X,2"
31,"tBodyAcc.arCoeff...X.3","TimeBodyAccelerometer-arCoeff()-X,3"
32,"tBodyAcc.arCoeff...X.4","TimeBodyAccelerometer-arCoeff()-X,4"
33,"tBodyAcc.arCoeff...Y.1","TimeBodyAccelerometer-arCoeff()-Y,1"
34,"tBodyAcc.arCoeff...Y.2","TimeBodyAccelerometer-arCoeff()-Y,2"
35,"tBodyAcc.arCoeff...Y.3","TimeBodyAccelerometer-arCoeff()-Y,3"
36,"tBodyAcc.arCoeff...Y.4","TimeBodyAccelerometer-arCoeff()-Y,4"
37,"tBodyAcc.arCoeff...Z.1","TimeBodyAccelerometer-arCoeff()-Z,1"
38,"tBodyAcc.arCoeff...Z.2","TimeBodyAccelerometer-arCoeff()-Z,2"
39,"tBodyAcc.arCoeff...Z.3","TimeBodyAccelerometer-arCoeff()-Z,3"
40,"tBodyAcc.arCoeff...Z.4","TimeBodyAccelerometer-arCoeff()-Z,4"
41,"tBodyAcc.correlation...X.Y","TimeBodyAccelerometer-correlation()-X,Y"
42,"tBodyAcc.correlation...X.Z","TimeBodyAccelerometer-correlation()-X,Z"
43,"tBodyAcc.correlation...Y.Z","TimeBodyAccelerometer-correlation()-Y,Z"
44,"tGravityAcc.mean...X","TimeGravityAccelerometerMean()-X"
45,"tGravityAcc.mean...Y","TimeGravityAccelerometerMean()-Y"
46,"tGravityAcc.mean...Z","TimeGravityAccelerometerMean()-Z"
47,"tGravityAcc.std...X","TimeGravityAccelerometerStd()-X"
48,"tGravityAcc.std...Y","TimeGravityAccelerometerStd()-Y"
49,"tGravityAcc.std...Z","TimeGravityAccelerometerStd()-Z"
50,"tGravityAcc.mad...X","TimeGravityAccelerometer-Median_Absolute_Deviation()-X"
51,"tGravityAcc.mad...Y","TimeGravityAccelerometer-Median_Absolute_Deviation()-Y"
52,"tGravityAcc.mad...Z","TimeGravityAccelerometer-Median_Absolute_Deviation()-Z"
53,"tGravityAcc.max...X","TimeGravityAccelerometer-max()-X"
54,"tGravityAcc.max...Y","TimeGravityAccelerometer-max()-Y"
55,"tGravityAcc.max...Z","TimeGravityAccelerometer-max()-Z"
56,"tGravityAcc.min...X","TimeGravityAccelerometer-min()-X"
57,"tGravityAcc.min...Y","TimeGravityAccelerometer-min()-Y"
58,"tGravityAcc.min...Z","TimeGravityAccelerometer-min()-Z"
59,"tGravityAcc.sma..","TimeGravityAccelerometer-SignalMagnitudeArea()"
60,"tGravityAcc.energy...X","TimeGravityAccelerometer-energy()-X"
61,"tGravityAcc.energy...Y","TimeGravityAccelerometer-energy()-Y"
62,"tGravityAcc.energy...Z","TimeGravityAccelerometer-energy()-Z"
63,"tGravityAcc.iqr...X","TimeGravityAccelerometer-InterquartileRange()-X"
64,"tGravityAcc.iqr...Y","TimeGravityAccelerometer-InterquartileRange()-Y"
65,"tGravityAcc.iqr...Z","TimeGravityAccelerometer-InterquartileRange()-Z"
66,"tGravityAcc.entropy...X","TimeGravityAccelerometer-entropy()-X"
67,"tGravityAcc.entropy...Y","TimeGravityAccelerometer-entropy()-Y"
68,"tGravityAcc.entropy...Z","TimeGravityAccelerometer-entropy()-Z"
69,"tGravityAcc.arCoeff...X.1","TimeGravityAccelerometer-arCoeff()-X,1"
70,"tGravityAcc.arCoeff...X.2","TimeGravityAccelerometer-arCoeff()-X,2"
71,"tGravityAcc.arCoeff...X.3","TimeGravityAccelerometer-arCoeff()-X,3"
72,"tGravityAcc.arCoeff...X.4","TimeGravityAccelerometer-arCoeff()-X,4"
73,"tGravityAcc.arCoeff...Y.1","TimeGravityAccelerometer-arCoeff()-Y,1"
74,"tGravityAcc.arCoeff...Y.2","TimeGravityAccelerometer-arCoeff()-Y,2"
75,"tGravityAcc.arCoeff...Y.3","TimeGravityAccelerometer-arCoeff()-Y,3"
76,"tGravityAcc.arCoeff...Y.4","TimeGravityAccelerometer-arCoeff()-Y,4"
77,"tGravityAcc.arCoeff...Z.1","TimeGravityAccelerometer-arCoeff()-Z,1"
78,"tGravityAcc.arCoeff...Z.2","TimeGravityAccelerometer-arCoeff()-Z,2"
79,"tGravityAcc.arCoeff...Z.3","TimeGravityAccelerometer-arCoeff()-Z,3"
80,"tGravityAcc.arCoeff...Z.4","TimeGravityAccelerometer-arCoeff()-Z,4"
81,"tGravityAcc.correlation...X.Y","TimeGravityAccelerometer-correlation()-X,Y"
82,"tGravityAcc.correlation...X.Z","TimeGravityAccelerometer-correlation()-X,Z"
83,"tGravityAcc.correlation...Y.Z","TimeGravityAccelerometer-correlation()-Y,Z"
84,"tBodyAccJerk.mean...X","TimeBodyAccelerometerJerkMean()-X"
85,"tBodyAccJerk.mean...Y","TimeBodyAccelerometerJerkMean()-Y"
86,"tBodyAccJerk.mean...Z","TimeBodyAccelerometerJerkMean()-Z"
87,"tBodyAccJerk.std...X","TimeBodyAccelerometerJerkStd()-X"
88,"tBodyAccJerk.std...Y","TimeBodyAccelerometerJerkStd()-Y"
89,"tBodyAccJerk.std...Z","TimeBodyAccelerometerJerkStd()-Z"
90,"tBodyAccJerk.mad...X","TimeBodyAccelerometerJerk-Median_Absolute_Deviation()-X"
91,"tBodyAccJerk.mad...Y","TimeBodyAccelerometerJerk-Median_Absolute_Deviation()-Y"
92,"tBodyAccJerk.mad...Z","TimeBodyAccelerometerJerk-Median_Absolute_Deviation()-Z"
93,"tBodyAccJerk.max...X","TimeBodyAccelerometerJerk-max()-X"
94,"tBodyAccJerk.max...Y","TimeBodyAccelerometerJerk-max()-Y"
95,"tBodyAccJerk.max...Z","TimeBodyAccelerometerJerk-max()-Z"
96,"tBodyAccJerk.min...X","TimeBodyAccelerometerJerk-min()-X"
97,"tBodyAccJerk.min...Y","TimeBodyAccelerometerJerk-min()-Y"
98,"tBodyAccJerk.min...Z","TimeBodyAccelerometerJerk-min()-Z"
99,"tBodyAccJerk.sma..","TimeBodyAccelerometerJerk-SignalMagnitudeArea()"
100,"tBodyAccJerk.energy...X","TimeBodyAccelerometerJerk-energy()-X"
101,"tBodyAccJerk.energy...Y","TimeBodyAccelerometerJerk-energy()-Y"
102,"tBodyAccJerk.energy...Z","TimeBodyAccelerometerJerk-energy()-Z"
103,"tBodyAccJerk.iqr...X","TimeBodyAccelerometerJerk-InterquartileRange()-X"
104,"tBodyAccJerk.iqr...Y","TimeBodyAccelerometerJerk-InterquartileRange()-Y"
105,"tBodyAccJerk.iqr...Z","TimeBodyAccelerometerJerk-InterquartileRange()-Z"
106,"tBodyAccJerk.entropy...X","TimeBodyAccelerometerJerk-entropy()-X"
107,"tBodyAccJerk.entropy...Y","TimeBodyAccelerometerJerk-entropy()-Y"
108,"tBodyAccJerk.entropy...Z","TimeBodyAccelerometerJerk-entropy()-Z"
109,"tBodyAccJerk.arCoeff...X.1","TimeBodyAccelerometerJerk-arCoeff()-X,1"
110,"tBodyAccJerk.arCoeff...X.2","TimeBodyAccelerometerJerk-arCoeff()-X,2"
111,"tBodyAccJerk.arCoeff...X.3","TimeBodyAccelerometerJerk-arCoeff()-X,3"
112,"tBodyAccJerk.arCoeff...X.4","TimeBodyAccelerometerJerk-arCoeff()-X,4"
113,"tBodyAccJerk.arCoeff...Y.1","TimeBodyAccelerometerJerk-arCoeff()-Y,1"
114,"tBodyAccJerk.arCoeff...Y.2","TimeBodyAccelerometerJerk-arCoeff()-Y,2"
115,"tBodyAccJerk.arCoeff...Y.3","TimeBodyAccelerometerJerk-arCoeff()-Y,3"
116,"tBodyAccJerk.arCoeff...Y.4","TimeBodyAccelerometerJerk-arCoeff()-Y,4"
117,"tBodyAccJerk.arCoeff...Z.1","TimeBodyAccelerometerJerk-arCoeff()-Z,1"
118,"tBodyAccJerk.arCoeff...Z.2","TimeBodyAccelerometerJerk-arCoeff()-Z,2"
119,"tBodyAccJerk.arCoeff...Z.3","TimeBodyAccelerometerJerk-arCoeff()-Z,3"
120,"tBodyAccJerk.arCoeff...Z.4","TimeBodyAccelerometerJerk-arCoeff()-Z,4"
121,"tBodyAccJerk.correlation...X.Y","TimeBodyAccelerometerJerk-correlation()-X,Y"
122,"tBodyAccJerk.correlation...X.Z","TimeBodyAccelerometerJerk-correlation()-X,Z"
123,"tBodyAccJerk.correlation...Y.Z","TimeBodyAccelerometerJerk-correlation()-Y,Z"
124,"tBodyGyro.mean...X","TimeBodyGyroscopeMean()-X"
125,"tBodyGyro.mean...Y","TimeBodyGyroscopeMean()-Y"
126,"tBodyGyro.mean...Z","TimeBodyGyroscopeMean()-Z"
127,"tBodyGyro.std...X","TimeBodyGyroscopeStd()-X"
128,"tBodyGyro.std...Y","TimeBodyGyroscopeStd()-Y"
129,"tBodyGyro.std...Z","TimeBodyGyroscopeStd()-Z"
130,"tBodyGyro.mad...X","TimeBodyGyroscope-Median_Absolute_Deviation()-X"
131,"tBodyGyro.mad...Y","TimeBodyGyroscope-Median_Absolute_Deviation()-Y"
132,"tBodyGyro.mad...Z","TimeBodyGyroscope-Median_Absolute_Deviation()-Z"
133,"tBodyGyro.max...X","TimeBodyGyroscope-max()-X"
134,"tBodyGyro.max...Y","TimeBodyGyroscope-max()-Y"
135,"tBodyGyro.max...Z","TimeBodyGyroscope-max()-Z"
136,"tBodyGyro.min...X","TimeBodyGyroscope-min()-X"
137,"tBodyGyro.min...Y","TimeBodyGyroscope-min()-Y"
138,"tBodyGyro.min...Z","TimeBodyGyroscope-min()-Z"
139,"tBodyGyro.sma..","TimeBodyGyroscope-SignalMagnitudeArea()"
140,"tBodyGyro.energy...X","TimeBodyGyroscope-energy()-X"
141,"tBodyGyro.energy...Y","TimeBodyGyroscope-energy()-Y"
142,"tBodyGyro.energy...Z","TimeBodyGyroscope-energy()-Z"
143,"tBodyGyro.iqr...X","TimeBodyGyroscope-InterquartileRange()-X"
144,"tBodyGyro.iqr...Y","TimeBodyGyroscope-InterquartileRange()-Y"
145,"tBodyGyro.iqr...Z","TimeBodyGyroscope-InterquartileRange()-Z"
146,"tBodyGyro.entropy...X","TimeBodyGyroscope-entropy()-X"
147,"tBodyGyro.entropy...Y","TimeBodyGyroscope-entropy()-Y"
148,"tBodyGyro.entropy...Z","TimeBodyGyroscope-entropy()-Z"
149,"tBodyGyro.arCoeff...X.1","TimeBodyGyroscope-arCoeff()-X,1"
150,"tBodyGyro.arCoeff...X.2","TimeBodyGyroscope-arCoeff()-X,2"
151,"tBodyGyro.arCoeff...X.3","TimeBodyGyroscope-arCoeff()-X,3"
152,"tBodyGyro.arCoeff...X.4","TimeBodyGyroscope-arCoeff()-X,4"
153,"tBodyGyro.arCoeff...Y.1","TimeBodyGyroscope-arCoeff()-Y,1"
154,"tBodyGyro.arCoeff...Y.2","TimeBodyGyroscope-arCoeff()-Y,2"
155,"tBodyGyro.arCoeff...Y.3","TimeBodyGyroscope-arCoeff()-Y,3"
156,"tBodyGyro.arCoeff...Y.4","TimeBodyGyroscope-arCoeff()-Y,4"
157,"tBodyGyro.arCoeff...Z.1","TimeBodyGyroscope-arCoeff()-Z,1"
158,"tBodyGyro.arCoeff...Z.2","TimeBodyGyroscope-arCoeff()-Z,2"
159,"tBodyGyro.arCoeff...Z.3","TimeBodyGyroscope-arCoeff()-Z,3"
160,"tBodyGyro.arCoeff...Z.4","TimeBodyGyroscope-arCoeff()-Z,4"
161,"tBodyGyro.correlation...X.Y","TimeBodyGyroscope-correlation()-X,Y"
162,"tBodyGyro.correlation...X.Z","TimeBodyGyroscope-correlation()-X,Z"
163,"tBodyGyro.correlation...Y.Z","TimeBodyGyroscope-correlation()-Y,Z"
164,"tBodyGyroJerk.mean...X","TimeBodyGyroscopeJerkMean()-X"
165,"tBodyGyroJerk.mean...Y","TimeBodyGyroscopeJerkMean()-Y"
166,"tBodyGyroJerk.mean...Z","TimeBodyGyroscopeJerkMean()-Z"
167,"tBodyGyroJerk.std...X","TimeBodyGyroscopeJerkStd()-X"
168,"tBodyGyroJerk.std...Y","TimeBodyGyroscopeJerkStd()-Y"
169,"tBodyGyroJerk.std...Z","TimeBodyGyroscopeJerkStd()-Z"
170,"tBodyGyroJerk.mad...X","TimeBodyGyroscopeJerk-Median_Absolute_Deviation()-X"
171,"tBodyGyroJerk.mad...Y","TimeBodyGyroscopeJerk-Median_Absolute_Deviation()-Y"
172,"tBodyGyroJerk.mad...Z","TimeBodyGyroscopeJerk-Median_Absolute_Deviation()-Z"
173,"tBodyGyroJerk.max...X","TimeBodyGyroscopeJerk-max()-X"
174,"tBodyGyroJerk.max...Y","TimeBodyGyroscopeJerk-max()-Y"
175,"tBodyGyroJerk.max...Z","TimeBodyGyroscopeJerk-max()-Z"
176,"tBodyGyroJerk.min...X","TimeBodyGyroscopeJerk-min()-X"
177,"tBodyGyroJerk.min...Y","TimeBodyGyroscopeJerk-min()-Y"
178,"tBodyGyroJerk.min...Z","TimeBodyGyroscopeJerk-min()-Z"
179,"tBodyGyroJerk.sma..","TimeBodyGyroscopeJerk-SignalMagnitudeArea()"
180,"tBodyGyroJerk.energy...X","TimeBodyGyroscopeJerk-energy()-X"
181,"tBodyGyroJerk.energy...Y","TimeBodyGyroscopeJerk-energy()-Y"
182,"tBodyGyroJerk.energy...Z","TimeBodyGyroscopeJerk-energy()-Z"
183,"tBodyGyroJerk.iqr...X","TimeBodyGyroscopeJerk-InterquartileRange()-X"
184,"tBodyGyroJerk.iqr...Y","TimeBodyGyroscopeJerk-InterquartileRange()-Y"
185,"tBodyGyroJerk.iqr...Z","TimeBodyGyroscopeJerk-InterquartileRange()-Z"
186,"tBodyGyroJerk.entropy...X","TimeBodyGyroscopeJerk-entropy()-X"
187,"tBodyGyroJerk.entropy...Y","TimeBodyGyroscopeJerk-entropy()-Y"
188,"tBodyGyroJerk.entropy...Z","TimeBodyGyroscopeJerk-entropy()-Z"
189,"tBodyGyroJerk.arCoeff...X.1","TimeBodyGyroscopeJerk-arCoeff()-X,1"
190,"tBodyGyroJerk.arCoeff...X.2","TimeBodyGyroscopeJerk-arCoeff()-X,2"
191,"tBodyGyroJerk.arCoeff...X.3","TimeBodyGyroscopeJerk-arCoeff()-X,3"
192,"tBodyGyroJerk.arCoeff...X.4","TimeBodyGyroscopeJerk-arCoeff()-X,4"
193,"tBodyGyroJerk.arCoeff...Y.1","TimeBodyGyroscopeJerk-arCoeff()-Y,1"
194,"tBodyGyroJerk.arCoeff...Y.2","TimeBodyGyroscopeJerk-arCoeff()-Y,2"
195,"tBodyGyroJerk.arCoeff...Y.3","TimeBodyGyroscopeJerk-arCoeff()-Y,3"
196,"tBodyGyroJerk.arCoeff...Y.4","TimeBodyGyroscopeJerk-arCoeff()-Y,4"
197,"tBodyGyroJerk.arCoeff...Z.1","TimeBodyGyroscopeJerk-arCoeff()-Z,1"
198,"tBodyGyroJerk.arCoeff...Z.2","TimeBodyGyroscopeJerk-arCoeff()-Z,2"
199,"tBodyGyroJerk.arCoeff...Z.3","TimeBodyGyroscopeJerk-arCoeff()-Z,3"
200,"tBodyGyroJerk.arCoeff...Z.4","TimeBodyGyroscopeJerk-arCoeff()-Z,4"
201,"tBodyGyroJerk.correlation...X.Y","TimeBodyGyroscopeJerk-correlation()-X,Y"
202,"tBodyGyroJerk.correlation...X.Z","TimeBodyGyroscopeJerk-correlation()-X,Z"
203,"tBodyGyroJerk.correlation...Y.Z","TimeBodyGyroscopeJerk-correlation()-Y,Z"
204,"tBodyAccMag.mean..","TimeBodyAccelerometerMagnitudeMean()"
205,"tBodyAccMag.std..","TimeBodyAccelerometerMagnitudeStd()"
206,"tBodyAccMag.mad..","TimeBodyAccelerometerMagnitude-Median_Absolute_Deviation()"
207,"tBodyAccMag.max..","TimeBodyAccelerometerMagnitude-max()"
208,"tBodyAccMag.min..","TimeBodyAccelerometerMagnitude-min()"
209,"tBodyAccMag.sma..","TimeBodyAccelerometerMagnitude-SignalMagnitudeArea()"
210,"tBodyAccMag.energy..","TimeBodyAccelerometerMagnitude-energy()"
211,"tBodyAccMag.iqr..","TimeBodyAccelerometerMagnitude-InterquartileRange()"
212,"tBodyAccMag.entropy..","TimeBodyAccelerometerMagnitude-entropy()"
213,"tBodyAccMag.arCoeff..1","TimeBodyAccelerometerMagnitude-arCoeff()1"
214,"tBodyAccMag.arCoeff..2","TimeBodyAccelerometerMagnitude-arCoeff()2"
215,"tBodyAccMag.arCoeff..3","TimeBodyAccelerometerMagnitude-arCoeff()3"
216,"tBodyAccMag.arCoeff..4","TimeBodyAccelerometerMagnitude-arCoeff()4"
217,"tGravityAccMag.mean..","TimeGravityAccelerometerMagnitudeMean()"
218,"tGravityAccMag.std..","TimeGravityAccelerometerMagnitudeStd()"
219,"tGravityAccMag.mad..","TimeGravityAccelerometerMagnitude-Median_Absolute_Deviation()"
220,"tGravityAccMag.max..","TimeGravityAccelerometerMagnitude-max()"
221,"tGravityAccMag.min..","TimeGravityAccelerometerMagnitude-min()"
222,"tGravityAccMag.sma..","TimeGravityAccelerometerMagnitude-SignalMagnitudeArea()"
223,"tGravityAccMag.energy..","TimeGravityAccelerometerMagnitude-energy()"
224,"tGravityAccMag.iqr..","TimeGravityAccelerometerMagnitude-InterquartileRange()"
225,"tGravityAccMag.entropy..","TimeGravityAccelerometerMagnitude-entropy()"
226,"tGravityAccMag.arCoeff..1","TimeGravityAccelerometerMagnitude-arCoeff()1"
227,"tGravityAccMag.arCoeff..2","TimeGravityAccelerometerMagnitude-arCoeff()2"
228,"tGravityAccMag.arCoeff..3","TimeGravityAccelerometerMagnitude-arCoeff()3"
229,"tGravityAccMag.arCoeff..4","TimeGravityAccelerometerMagnitude-arCoeff()4"
230,"tBodyAccJerkMag.mean..","TimeBodyAccelerometerJerkMagnitudeMean()"
231,"tBodyAccJerkMag.std..","TimeBodyAccelerometerJerkMagnitudeStd()"
232,"tBodyAccJerkMag.mad..","TimeBodyAccelerometerJerkMagnitude-Median_Absolute_Deviation()"
233,"tBodyAccJerkMag.max..","TimeBodyAccelerometerJerkMagnitude-max()"
234,"tBodyAccJerkMag.min..","TimeBodyAccelerometerJerkMagnitude-min()"
235,"tBodyAccJerkMag.sma..","TimeBodyAccelerometerJerkMagnitude-SignalMagnitudeArea()"
236,"tBodyAccJerkMag.energy..","TimeBodyAccelerometerJerkMagnitude-energy()"
237,"tBodyAccJerkMag.iqr..","TimeBodyAccelerometerJerkMagnitude-InterquartileRange()"
238,"tBodyAccJerkMag.entropy..","TimeBodyAccelerometerJerkMagnitude-entropy()"
239,"tBodyAccJerkMag.arCoeff..1","TimeBodyAccelerometerJerkMagnitude-arCoeff()1"
240,"tBodyAccJerkMag.arCoeff..2","TimeBodyAccelerometerJerkMagnitude-arCoeff()2"
241,"tBodyAccJerkMag.arCoeff..3","TimeBodyAccelerometerJerkMagnitude-arCoeff()3"
242,"tBodyAccJerkMag.arCoeff..4","TimeBodyAccelerometerJerkMagnitude-arCoeff()4"
243,"tBodyGyroMag.mean..","TimeBodyGyroscopeMagnitudeMean()"
244,"tBodyGyroMag.std..","TimeBodyGyroscopeMagnitudeStd()"
245,"tBodyGyroMag.mad..","TimeBodyGyroscopeMagnitude-Median_Absolute_Deviation()"
246,"tBodyGyroMag.max..","TimeBodyGyroscopeMagnitude-max()"
247,"tBodyGyroMag.min..","TimeBodyGyroscopeMagnitude-min()"
248,"tBodyGyroMag.sma..","TimeBodyGyroscopeMagnitude-SignalMagnitudeArea()"
249,"tBodyGyroMag.energy..","TimeBodyGyroscopeMagnitude-energy()"
250,"tBodyGyroMag.iqr..","TimeBodyGyroscopeMagnitude-InterquartileRange()"
251,"tBodyGyroMag.entropy..","TimeBodyGyroscopeMagnitude-entropy()"
252,"tBodyGyroMag.arCoeff..1","TimeBodyGyroscopeMagnitude-arCoeff()1"
253,"tBodyGyroMag.arCoeff..2","TimeBodyGyroscopeMagnitude-arCoeff()2"
254,"tBodyGyroMag.arCoeff..3","TimeBodyGyroscopeMagnitude-arCoeff()3"
255,"tBodyGyroMag.arCoeff..4","TimeBodyGyroscopeMagnitude-arCoeff()4"
256,"tBodyGyroJerkMag.mean..","TimeBodyGyroscopeJerkMagnitudeMean()"
257,"tBodyGyroJerkMag.std..","TimeBodyGyroscopeJerkMagnitudeStd()"
258,"tBodyGyroJerkMag.mad..","TimeBodyGyroscopeJerkMagnitude-Median_Absolute_Deviation()"
259,"tBodyGyroJerkMag.max..","TimeBodyGyroscopeJerkMagnitude-max()"
260,"tBodyGyroJerkMag.min..","TimeBodyGyroscopeJerkMagnitude-min()"
261,"tBodyGyroJerkMag.sma..","TimeBodyGyroscopeJerkMagnitude-SignalMagnitudeArea()"
262,"tBodyGyroJerkMag.energy..","TimeBodyGyroscopeJerkMagnitude-energy()"
263,"tBodyGyroJerkMag.iqr..","TimeBodyGyroscopeJerkMagnitude-InterquartileRange()"
264,"tBodyGyroJerkMag.entropy..","TimeBodyGyroscopeJerkMagnitude-entropy()"
265,"tBodyGyroJerkMag.arCoeff..1","TimeBodyGyroscopeJerkMagnitude-arCoeff()1"
266,"tBodyGyroJerkMag.arCoeff..2","TimeBodyGyroscopeJerkMagnitude-arCoeff()2"
267,"tBodyGyroJerkMag.arCoeff..3","TimeBodyGyroscopeJerkMagnitude-arCoeff()3"
268,"tBodyGyroJerkMag.arCoeff..4","TimeBodyGyroscopeJerkMagnitude-arCoeff()4"
269,"fBodyAcc.mean...X","FrequencyBodyAccelerometerMean()-X"
270,"fBodyAcc.mean...Y","FrequencyBodyAccelerometerMean()-Y"
271,"fBodyAcc.mean...Z","FrequencyBodyAccelerometerMean()-Z"
272,"fBodyAcc.std...X","FrequencyBodyAccelerometerStd()-X"
273,"fBodyAcc.std...Y","FrequencyBodyAccelerometerStd()-Y"
274,"fBodyAcc.std...Z","FrequencyBodyAccelerometerStd()-Z"
275,"fBodyAcc.mad...X","FrequencyBodyAccelerometer-Median_Absolute_Deviation()-X"
276,"fBodyAcc.mad...Y","FrequencyBodyAccelerometer-Median_Absolute_Deviation()-Y"
277,"fBodyAcc.mad...Z","FrequencyBodyAccelerometer-Median_Absolute_Deviation()-Z"
278,"fBodyAcc.max...X","FrequencyBodyAccelerometer-max()-X"
279,"fBodyAcc.max...Y","FrequencyBodyAccelerometer-max()-Y"
280,"fBodyAcc.max...Z","FrequencyBodyAccelerometer-max()-Z"
281,"fBodyAcc.min...X","FrequencyBodyAccelerometer-min()-X"
282,"fBodyAcc.min...Y","FrequencyBodyAccelerometer-min()-Y"
283,"fBodyAcc.min...Z","FrequencyBodyAccelerometer-min()-Z"
284,"fBodyAcc.sma..","FrequencyBodyAccelerometer-SignalMagnitudeArea()"
285,"fBodyAcc.energy...X","FrequencyBodyAccelerometer-energy()-X"
286,"fBodyAcc.energy...Y","FrequencyBodyAccelerometer-energy()-Y"
287,"fBodyAcc.energy...Z","FrequencyBodyAccelerometer-energy()-Z"
288,"fBodyAcc.iqr...X","FrequencyBodyAccelerometer-InterquartileRange()-X"
289,"fBodyAcc.iqr...Y","FrequencyBodyAccelerometer-InterquartileRange()-Y"
290,"fBodyAcc.iqr...Z","FrequencyBodyAccelerometer-InterquartileRange()-Z"
291,"fBodyAcc.entropy...X","FrequencyBodyAccelerometer-entropy()-X"
292,"fBodyAcc.entropy...Y","FrequencyBodyAccelerometer-entropy()-Y"
293,"fBodyAcc.entropy...Z","FrequencyBodyAccelerometer-entropy()-Z"
294,"fBodyAcc.maxInds.X","FrequencyBodyAccelerometer-MaximumFrequencyMagnitudeIndex-X"
295,"fBodyAcc.maxInds.Y","FrequencyBodyAccelerometer-MaximumFrequencyMagnitudeIndex-Y"
296,"fBodyAcc.maxInds.Z","FrequencyBodyAccelerometer-MaximumFrequencyMagnitudeIndex-Z"
297,"fBodyAcc.meanFreq...X","FrequencyBodyAccelerometerMeanFrequency()-X"
298,"fBodyAcc.meanFreq...Y","FrequencyBodyAccelerometerMeanFrequency()-Y"
299,"fBodyAcc.meanFreq...Z","FrequencyBodyAccelerometerMeanFrequency()-Z"
300,"fBodyAcc.skewness...X","FrequencyBodyAccelerometer-skewness()-X"
301,"fBodyAcc.kurtosis...X","FrequencyBodyAccelerometer-kurtosis()-X"
302,"fBodyAcc.skewness...Y","FrequencyBodyAccelerometer-skewness()-Y"
303,"fBodyAcc.kurtosis...Y","FrequencyBodyAccelerometer-kurtosis()-Y"
304,"fBodyAcc.skewness...Z","FrequencyBodyAccelerometer-skewness()-Z"
305,"fBodyAcc.kurtosis...Z","FrequencyBodyAccelerometer-kurtosis()-Z"
306,"fBodyAcc.bandsEnergy...1.8","FrequencyBodyAccelerometer-bandsEnergy()-1,8"
307,"fBodyAcc.bandsEnergy...9.16","FrequencyBodyAccelerometer-bandsEnergy()-9,16"
308,"fBodyAcc.bandsEnergy...17.24","FrequencyBodyAccelerometer-bandsEnergy()-17,24"
309,"fBodyAcc.bandsEnergy...25.32","FrequencyBodyAccelerometer-bandsEnergy()-25,32"
310,"fBodyAcc.bandsEnergy...33.40","FrequencyBodyAccelerometer-bandsEnergy()-33,40"
311,"fBodyAcc.bandsEnergy...41.48","FrequencyBodyAccelerometer-bandsEnergy()-41,48"
312,"fBodyAcc.bandsEnergy...49.56","FrequencyBodyAccelerometer-bandsEnergy()-49,56"
313,"fBodyAcc.bandsEnergy...57.64","FrequencyBodyAccelerometer-bandsEnergy()-57,64"
314,"fBodyAcc.bandsEnergy...1.16","FrequencyBodyAccelerometer-bandsEnergy()-1,16"
315,"fBodyAcc.bandsEnergy...17.32","FrequencyBodyAccelerometer-bandsEnergy()-17,32"
316,"fBodyAcc.bandsEnergy...33.48","FrequencyBodyAccelerometer-bandsEnergy()-33,48"
317,"fBodyAcc.bandsEnergy...49.64","FrequencyBodyAccelerometer-bandsEnergy()-49,64"
318,"fBodyAcc.bandsEnergy...1.24","FrequencyBodyAccelerometer-bandsEnergy()-1,24"
319,"fBodyAcc.bandsEnergy...25.48","FrequencyBodyAccelerometer-bandsEnergy()-25,48"
320,"fBodyAcc.bandsEnergy...1.8.1","FrequencyBodyAccelerometer-bandsEnergy()-1,8"
321,"fBodyAcc.bandsEnergy...9.16.1","FrequencyBodyAccelerometer-bandsEnergy()-9,16"
322,"fBodyAcc.bandsEnergy...17.24.1","FrequencyBodyAccelerometer-bandsEnergy()-17,24"
323,"fBodyAcc.bandsEnergy...25.32.1","FrequencyBodyAccelerometer-bandsEnergy()-25,32"
324,"fBodyAcc.bandsEnergy...33.40.1","FrequencyBodyAccelerometer-bandsEnergy()-33,40"
325,"fBodyAcc.bandsEnergy...41.48.1","FrequencyBodyAccelerometer-bandsEnergy()-41,48"
326,"fBodyAcc.bandsEnergy...49.56.1","FrequencyBodyAccelerometer-bandsEnergy()-49,56"
327,"fBodyAcc.bandsEnergy...57.64.1","FrequencyBodyAccelerometer-bandsEnergy()-57,64"
328,"fBodyAcc.bandsEnergy...1.16.1","FrequencyBodyAccelerometer-bandsEnergy()-1,16"
329,"fBodyAcc.bandsEnergy...17.32.1","FrequencyBodyAccelerometer-bandsEnergy()-17,32"
330,"fBodyAcc.bandsEnergy...33.48.1","FrequencyBodyAccelerometer-bandsEnergy()-33,48"
331,"fBodyAcc.bandsEnergy...49.64.1","FrequencyBodyAccelerometer-bandsEnergy()-49,64"
332,"fBodyAcc.bandsEnergy...1.24.1","FrequencyBodyAccelerometer-bandsEnergy()-1,24"
333,"fBodyAcc.bandsEnergy...25.48.1","FrequencyBodyAccelerometer-bandsEnergy()-25,48"
334,"fBodyAcc.bandsEnergy...1.8.2","FrequencyBodyAccelerometer-bandsEnergy()-1,8"
335,"fBodyAcc.bandsEnergy...9.16.2","FrequencyBodyAccelerometer-bandsEnergy()-9,16"
336,"fBodyAcc.bandsEnergy...17.24.2","FrequencyBodyAccelerometer-bandsEnergy()-17,24"
337,"fBodyAcc.bandsEnergy...25.32.2","FrequencyBodyAccelerometer-bandsEnergy()-25,32"
338,"fBodyAcc.bandsEnergy...33.40.2","FrequencyBodyAccelerometer-bandsEnergy()-33,40"
339,"fBodyAcc.bandsEnergy...41.48.2","FrequencyBodyAccelerometer-bandsEnergy()-41,48"
340,"fBodyAcc.bandsEnergy...49.56.2","FrequencyBodyAccelerometer-bandsEnergy()-49,56"
341,"fBodyAcc.bandsEnergy...57.64.2","FrequencyBodyAccelerometer-bandsEnergy()-57,64"
342,"fBodyAcc.bandsEnergy...1.16.2","FrequencyBodyAccelerometer-bandsEnergy()-1,16"
343,"fBodyAcc.bandsEnergy...17.32.2","FrequencyBodyAccelerometer-bandsEnergy()-17,32"
344,"fBodyAcc.bandsEnergy...33.48.2","FrequencyBodyAccelerometer-bandsEnergy()-33,48"
345,"fBodyAcc.bandsEnergy...49.64.2","FrequencyBodyAccelerometer-bandsEnergy()-49,64"
346,"fBodyAcc.bandsEnergy...1.24.2","FrequencyBodyAccelerometer-bandsEnergy()-1,24"
347,"fBodyAcc.bandsEnergy...25.48.2","FrequencyBodyAccelerometer-bandsEnergy()-25,48"
348,"fBodyAccJerk.mean...X","FrequencyBodyAccelerometerJerkMean()-X"
349,"fBodyAccJerk.mean...Y","FrequencyBodyAccelerometerJerkMean()-Y"
350,"fBodyAccJerk.mean...Z","FrequencyBodyAccelerometerJerkMean()-Z"
351,"fBodyAccJerk.std...X","FrequencyBodyAccelerometerJerkStd()-X"
352,"fBodyAccJerk.std...Y","FrequencyBodyAccelerometerJerkStd()-Y"
353,"fBodyAccJerk.std...Z","FrequencyBodyAccelerometerJerkStd()-Z"
354,"fBodyAccJerk.mad...X","FrequencyBodyAccelerometerJerk-Median_Absolute_Deviation()-X"
355,"fBodyAccJerk.mad...Y","FrequencyBodyAccelerometerJerk-Median_Absolute_Deviation()-Y"
356,"fBodyAccJerk.mad...Z","FrequencyBodyAccelerometerJerk-Median_Absolute_Deviation()-Z"
357,"fBodyAccJerk.max...X","FrequencyBodyAccelerometerJerk-max()-X"
358,"fBodyAccJerk.max...Y","FrequencyBodyAccelerometerJerk-max()-Y"
359,"fBodyAccJerk.max...Z","FrequencyBodyAccelerometerJerk-max()-Z"
360,"fBodyAccJerk.min...X","FrequencyBodyAccelerometerJerk-min()-X"
361,"fBodyAccJerk.min...Y","FrequencyBodyAccelerometerJerk-min()-Y"
362,"fBodyAccJerk.min...Z","FrequencyBodyAccelerometerJerk-min()-Z"
363,"fBodyAccJerk.sma..","FrequencyBodyAccelerometerJerk-SignalMagnitudeArea()"
364,"fBodyAccJerk.energy...X","FrequencyBodyAccelerometerJerk-energy()-X"
365,"fBodyAccJerk.energy...Y","FrequencyBodyAccelerometerJerk-energy()-Y"
366,"fBodyAccJerk.energy...Z","FrequencyBodyAccelerometerJerk-energy()-Z"
367,"fBodyAccJerk.iqr...X","FrequencyBodyAccelerometerJerk-InterquartileRange()-X"
368,"fBodyAccJerk.iqr...Y","FrequencyBodyAccelerometerJerk-InterquartileRange()-Y"
369,"fBodyAccJerk.iqr...Z","FrequencyBodyAccelerometerJerk-InterquartileRange()-Z"
370,"fBodyAccJerk.entropy...X","FrequencyBodyAccelerometerJerk-entropy()-X"
371,"fBodyAccJerk.entropy...Y","FrequencyBodyAccelerometerJerk-entropy()-Y"
372,"fBodyAccJerk.entropy...Z","FrequencyBodyAccelerometerJerk-entropy()-Z"
373,"fBodyAccJerk.maxInds.X","FrequencyBodyAccelerometerJerk-MaximumFrequencyMagnitudeIndex-X"
374,"fBodyAccJerk.maxInds.Y","FrequencyBodyAccelerometerJerk-MaximumFrequencyMagnitudeIndex-Y"
375,"fBodyAccJerk.maxInds.Z","FrequencyBodyAccelerometerJerk-MaximumFrequencyMagnitudeIndex-Z"
376,"fBodyAccJerk.meanFreq...X","FrequencyBodyAccelerometerJerkMeanFrequency()-X"
377,"fBodyAccJerk.meanFreq...Y","FrequencyBodyAccelerometerJerkMeanFrequency()-Y"
378,"fBodyAccJerk.meanFreq...Z","FrequencyBodyAccelerometerJerkMeanFrequency()-Z"
379,"fBodyAccJerk.skewness...X","FrequencyBodyAccelerometerJerk-skewness()-X"
380,"fBodyAccJerk.kurtosis...X","FrequencyBodyAccelerometerJerk-kurtosis()-X"
381,"fBodyAccJerk.skewness...Y","FrequencyBodyAccelerometerJerk-skewness()-Y"
382,"fBodyAccJerk.kurtosis...Y","FrequencyBodyAccelerometerJerk-kurtosis()-Y"
383,"fBodyAccJerk.skewness...Z","FrequencyBodyAccelerometerJerk-skewness()-Z"
384,"fBodyAccJerk.kurtosis...Z","FrequencyBodyAccelerometerJerk-kurtosis()-Z"
385,"fBodyAccJerk.bandsEnergy...1.8","FrequencyBodyAccelerometerJerk-bandsEnergy()-1,8"
386,"fBodyAccJerk.bandsEnergy...9.16","FrequencyBodyAccelerometerJerk-bandsEnergy()-9,16"
387,"fBodyAccJerk.bandsEnergy...17.24","FrequencyBodyAccelerometerJerk-bandsEnergy()-17,24"
388,"fBodyAccJerk.bandsEnergy...25.32","FrequencyBodyAccelerometerJerk-bandsEnergy()-25,32"
389,"fBodyAccJerk.bandsEnergy...33.40","FrequencyBodyAccelerometerJerk-bandsEnergy()-33,40"
390,"fBodyAccJerk.bandsEnergy...41.48","FrequencyBodyAccelerometerJerk-bandsEnergy()-41,48"
391,"fBodyAccJerk.bandsEnergy...49.56","FrequencyBodyAccelerometerJerk-bandsEnergy()-49,56"
392,"fBodyAccJerk.bandsEnergy...57.64","FrequencyBodyAccelerometerJerk-bandsEnergy()-57,64"
393,"fBodyAccJerk.bandsEnergy...1.16","FrequencyBodyAccelerometerJerk-bandsEnergy()-1,16"
394,"fBodyAccJerk.bandsEnergy...17.32","FrequencyBodyAccelerometerJerk-bandsEnergy()-17,32"
395,"fBodyAccJerk.bandsEnergy...33.48","FrequencyBodyAccelerometerJerk-bandsEnergy()-33,48"
396,"fBodyAccJerk.bandsEnergy...49.64","FrequencyBodyAccelerometerJerk-bandsEnergy()-49,64"
397,"fBodyAccJerk.bandsEnergy...1.24","FrequencyBodyAccelerometerJerk-bandsEnergy()-1,24"
398,"fBodyAccJerk.bandsEnergy...25.48","FrequencyBodyAccelerometerJerk-bandsEnergy()-25,48"
399,"fBodyAccJerk.bandsEnergy...1.8.1","FrequencyBodyAccelerometerJerk-bandsEnergy()-1,8"
400,"fBodyAccJerk.bandsEnergy...9.16.1","FrequencyBodyAccelerometerJerk-bandsEnergy()-9,16"
401,"fBodyAccJerk.bandsEnergy...17.24.1","FrequencyBodyAccelerometerJerk-bandsEnergy()-17,24"
402,"fBodyAccJerk.bandsEnergy...25.32.1","FrequencyBodyAccelerometerJerk-bandsEnergy()-25,32"
403,"fBodyAccJerk.bandsEnergy...33.40.1","FrequencyBodyAccelerometerJerk-bandsEnergy()-33,40"
404,"fBodyAccJerk.bandsEnergy...41.48.1","FrequencyBodyAccelerometerJerk-bandsEnergy()-41,48"
405,"fBodyAccJerk.bandsEnergy...49.56.1","FrequencyBodyAccelerometerJerk-bandsEnergy()-49,56"
406,"fBodyAccJerk.bandsEnergy...57.64.1","FrequencyBodyAccelerometerJerk-bandsEnergy()-57,64"
407,"fBodyAccJerk.bandsEnergy...1.16.1","FrequencyBodyAccelerometerJerk-bandsEnergy()-1,16"
408,"fBodyAccJerk.bandsEnergy...17.32.1","FrequencyBodyAccelerometerJerk-bandsEnergy()-17,32"
409,"fBodyAccJerk.bandsEnergy...33.48.1","FrequencyBodyAccelerometerJerk-bandsEnergy()-33,48"
410,"fBodyAccJerk.bandsEnergy...49.64.1","FrequencyBodyAccelerometerJerk-bandsEnergy()-49,64"
411,"fBodyAccJerk.bandsEnergy...1.24.1","FrequencyBodyAccelerometerJerk-bandsEnergy()-1,24"
412,"fBodyAccJerk.bandsEnergy...25.48.1","FrequencyBodyAccelerometerJerk-bandsEnergy()-25,48"
413,"fBodyAccJerk.bandsEnergy...1.8.2","FrequencyBodyAccelerometerJerk-bandsEnergy()-1,8"
414,"fBodyAccJerk.bandsEnergy...9.16.2","FrequencyBodyAccelerometerJerk-bandsEnergy()-9,16"
415,"fBodyAccJerk.bandsEnergy...17.24.2","FrequencyBodyAccelerometerJerk-bandsEnergy()-17,24"
416,"fBodyAccJerk.bandsEnergy...25.32.2","FrequencyBodyAccelerometerJerk-bandsEnergy()-25,32"
417,"fBodyAccJerk.bandsEnergy...33.40.2","FrequencyBodyAccelerometerJerk-bandsEnergy()-33,40"
418,"fBodyAccJerk.bandsEnergy...41.48.2","FrequencyBodyAccelerometerJerk-bandsEnergy()-41,48"
419,"fBodyAccJerk.bandsEnergy...49.56.2","FrequencyBodyAccelerometerJerk-bandsEnergy()-49,56"
420,"fBodyAccJerk.bandsEnergy...57.64.2","FrequencyBodyAccelerometerJerk-bandsEnergy()-57,64"
421,"fBodyAccJerk.bandsEnergy...1.16.2","FrequencyBodyAccelerometerJerk-bandsEnergy()-1,16"
422,"fBodyAccJerk.bandsEnergy...17.32.2","FrequencyBodyAccelerometerJerk-bandsEnergy()-17,32"
423,"fBodyAccJerk.bandsEnergy...33.48.2","FrequencyBodyAccelerometerJerk-bandsEnergy()-33,48"
424,"fBodyAccJerk.bandsEnergy...49.64.2","FrequencyBodyAccelerometerJerk-bandsEnergy()-49,64"
425,"fBodyAccJerk.bandsEnergy...1.24.2","FrequencyBodyAccelerometerJerk-bandsEnergy()-1,24"
426,"fBodyAccJerk.bandsEnergy...25.48.2","FrequencyBodyAccelerometerJerk-bandsEnergy()-25,48"
427,"fBodyGyro.mean...X","FrequencyBodyGyroscopeMean()-X"
428,"fBodyGyro.mean...Y","FrequencyBodyGyroscopeMean()-Y"
429,"fBodyGyro.mean...Z","FrequencyBodyGyroscopeMean()-Z"
430,"fBodyGyro.std...X","FrequencyBodyGyroscopeStd()-X"
431,"fBodyGyro.std...Y","FrequencyBodyGyroscopeStd()-Y"
432,"fBodyGyro.std...Z","FrequencyBodyGyroscopeStd()-Z"
433,"fBodyGyro.mad...X","FrequencyBodyGyroscope-Median_Absolute_Deviation()-X"
434,"fBodyGyro.mad...Y","FrequencyBodyGyroscope-Median_Absolute_Deviation()-Y"
435,"fBodyGyro.mad...Z","FrequencyBodyGyroscope-Median_Absolute_Deviation()-Z"
436,"fBodyGyro.max...X","FrequencyBodyGyroscope-max()-X"
437,"fBodyGyro.max...Y","FrequencyBodyGyroscope-max()-Y"
438,"fBodyGyro.max...Z","FrequencyBodyGyroscope-max()-Z"
439,"fBodyGyro.min...X","FrequencyBodyGyroscope-min()-X"
440,"fBodyGyro.min...Y","FrequencyBodyGyroscope-min()-Y"
441,"fBodyGyro.min...Z","FrequencyBodyGyroscope-min()-Z"
442,"fBodyGyro.sma..","FrequencyBodyGyroscope-SignalMagnitudeArea()"
443,"fBodyGyro.energy...X","FrequencyBodyGyroscope-energy()-X"
444,"fBodyGyro.energy...Y","FrequencyBodyGyroscope-energy()-Y"
445,"fBodyGyro.energy...Z","FrequencyBodyGyroscope-energy()-Z"
446,"fBodyGyro.iqr...X","FrequencyBodyGyroscope-InterquartileRange()-X"
447,"fBodyGyro.iqr...Y","FrequencyBodyGyroscope-InterquartileRange()-Y"
448,"fBodyGyro.iqr...Z","FrequencyBodyGyroscope-InterquartileRange()-Z"
449,"fBodyGyro.entropy...X","FrequencyBodyGyroscope-entropy()-X"
450,"fBodyGyro.entropy...Y","FrequencyBodyGyroscope-entropy()-Y"
451,"fBodyGyro.entropy...Z","FrequencyBodyGyroscope-entropy()-Z"
452,"fBodyGyro.maxInds.X","FrequencyBodyGyroscope-MaximumFrequencyMagnitudeIndex-X"
453,"fBodyGyro.maxInds.Y","FrequencyBodyGyroscope-MaximumFrequencyMagnitudeIndex-Y"
454,"fBodyGyro.maxInds.Z","FrequencyBodyGyroscope-MaximumFrequencyMagnitudeIndex-Z"
455,"fBodyGyro.meanFreq...X","FrequencyBodyGyroscopeMeanFrequency()-X"
456,"fBodyGyro.meanFreq...Y","FrequencyBodyGyroscopeMeanFrequency()-Y"
457,"fBodyGyro.meanFreq...Z","FrequencyBodyGyroscopeMeanFrequency()-Z"
458,"fBodyGyro.skewness...X","FrequencyBodyGyroscope-skewness()-X"
459,"fBodyGyro.kurtosis...X","FrequencyBodyGyroscope-kurtosis()-X"
460,"fBodyGyro.skewness...Y","FrequencyBodyGyroscope-skewness()-Y"
461,"fBodyGyro.kurtosis...Y","FrequencyBodyGyroscope-kurtosis()-Y"
462,"fBodyGyro.skewness...Z","FrequencyBodyGyroscope-skewness()-Z"
463,"fBodyGyro.kurtosis...Z","FrequencyBodyGyroscope-kurtosis()-Z"
464,"fBodyGyro.bandsEnergy...1.8","FrequencyBodyGyroscope-bandsEnergy()-1,8"
465,"fBodyGyro.bandsEnergy...9.16","FrequencyBodyGyroscope-bandsEnergy()-9,16"
466,"fBodyGyro.bandsEnergy...17.24","FrequencyBodyGyroscope-bandsEnergy()-17,24"
467,"fBodyGyro.bandsEnergy...25.32","FrequencyBodyGyroscope-bandsEnergy()-25,32"
468,"fBodyGyro.bandsEnergy...33.40","FrequencyBodyGyroscope-bandsEnergy()-33,40"
469,"fBodyGyro.bandsEnergy...41.48","FrequencyBodyGyroscope-bandsEnergy()-41,48"
470,"fBodyGyro.bandsEnergy...49.56","FrequencyBodyGyroscope-bandsEnergy()-49,56"
471,"fBodyGyro.bandsEnergy...57.64","FrequencyBodyGyroscope-bandsEnergy()-57,64"
472,"fBodyGyro.bandsEnergy...1.16","FrequencyBodyGyroscope-bandsEnergy()-1,16"
473,"fBodyGyro.bandsEnergy...17.32","FrequencyBodyGyroscope-bandsEnergy()-17,32"
474,"fBodyGyro.bandsEnergy...33.48","FrequencyBodyGyroscope-bandsEnergy()-33,48"
475,"fBodyGyro.bandsEnergy...49.64","FrequencyBodyGyroscope-bandsEnergy()-49,64"
476,"fBodyGyro.bandsEnergy...1.24","FrequencyBodyGyroscope-bandsEnergy()-1,24"
477,"fBodyGyro.bandsEnergy...25.48","FrequencyBodyGyroscope-bandsEnergy()-25,48"
478,"fBodyGyro.bandsEnergy...1.8.1","FrequencyBodyGyroscope-bandsEnergy()-1,8"
479,"fBodyGyro.bandsEnergy...9.16.1","FrequencyBodyGyroscope-bandsEnergy()-9,16"
480,"fBodyGyro.bandsEnergy...17.24.1","FrequencyBodyGyroscope-bandsEnergy()-17,24"
481,"fBodyGyro.bandsEnergy...25.32.1","FrequencyBodyGyroscope-bandsEnergy()-25,32"
482,"fBodyGyro.bandsEnergy...33.40.1","FrequencyBodyGyroscope-bandsEnergy()-33,40"
483,"fBodyGyro.bandsEnergy...41.48.1","FrequencyBodyGyroscope-bandsEnergy()-41,48"
484,"fBodyGyro.bandsEnergy...49.56.1","FrequencyBodyGyroscope-bandsEnergy()-49,56"
485,"fBodyGyro.bandsEnergy...57.64.1","FrequencyBodyGyroscope-bandsEnergy()-57,64"
486,"fBodyGyro.bandsEnergy...1.16.1","FrequencyBodyGyroscope-bandsEnergy()-1,16"
487,"fBodyGyro.bandsEnergy...17.32.1","FrequencyBodyGyroscope-bandsEnergy()-17,32"
488,"fBodyGyro.bandsEnergy...33.48.1","FrequencyBodyGyroscope-bandsEnergy()-33,48"
489,"fBodyGyro.bandsEnergy...49.64.1","FrequencyBodyGyroscope-bandsEnergy()-49,64"
490,"fBodyGyro.bandsEnergy...1.24.1","FrequencyBodyGyroscope-bandsEnergy()-1,24"
491,"fBodyGyro.bandsEnergy...25.48.1","FrequencyBodyGyroscope-bandsEnergy()-25,48"
492,"fBodyGyro.bandsEnergy...1.8.2","FrequencyBodyGyroscope-bandsEnergy()-1,8"
493,"fBodyGyro.bandsEnergy...9.16.2","FrequencyBodyGyroscope-bandsEnergy()-9,16"
494,"fBodyGyro.bandsEnergy...17.24.2","FrequencyBodyGyroscope-bandsEnergy()-17,24"
495,"fBodyGyro.bandsEnergy...25.32.2","FrequencyBodyGyroscope-bandsEnergy()-25,32"
496,"fBodyGyro.bandsEnergy...33.40.2","FrequencyBodyGyroscope-bandsEnergy()-33,40"
497,"fBodyGyro.bandsEnergy...41.48.2","FrequencyBodyGyroscope-bandsEnergy()-41,48"
498,"fBodyGyro.bandsEnergy...49.56.2","FrequencyBodyGyroscope-bandsEnergy()-49,56"
499,"fBodyGyro.bandsEnergy...57.64.2","FrequencyBodyGyroscope-bandsEnergy()-57,64"
500,"fBodyGyro.bandsEnergy...1.16.2","FrequencyBodyGyroscope-bandsEnergy()-1,16"
501,"fBodyGyro.bandsEnergy...17.32.2","FrequencyBodyGyroscope-bandsEnergy()-17,32"
502,"fBodyGyro.bandsEnergy...33.48.2","FrequencyBodyGyroscope-bandsEnergy()-33,48"
503,"fBodyGyro.bandsEnergy...49.64.2","FrequencyBodyGyroscope-bandsEnergy()-49,64"
504,"fBodyGyro.bandsEnergy...1.24.2","FrequencyBodyGyroscope-bandsEnergy()-1,24"
505,"fBodyGyro.bandsEnergy...25.48.2","FrequencyBodyGyroscope-bandsEnergy()-25,48"
506,"fBodyAccMag.mean..","FrequencyBodyAccelerometerMagnitudeMean()"
507,"fBodyAccMag.std..","FrequencyBodyAccelerometerMagnitudeStd()"
508,"fBodyAccMag.mad..","FrequencyBodyAccelerometerMagnitude-Median_Absolute_Deviation()"
509,"fBodyAccMag.max..","FrequencyBodyAccelerometerMagnitude-max()"
510,"fBodyAccMag.min..","FrequencyBodyAccelerometerMagnitude-min()"
511,"fBodyAccMag.sma..","FrequencyBodyAccelerometerMagnitude-SignalMagnitudeArea()"
512,"fBodyAccMag.energy..","FrequencyBodyAccelerometerMagnitude-energy()"
513,"fBodyAccMag.iqr..","FrequencyBodyAccelerometerMagnitude-InterquartileRange()"
514,"fBodyAccMag.entropy..","FrequencyBodyAccelerometerMagnitude-entropy()"
515,"fBodyAccMag.maxInds","FrequencyBodyAccelerometerMagnitude-MaximumFrequencyMagnitudeIndex"
516,"fBodyAccMag.meanFreq..","FrequencyBodyAccelerometerMagnitudeMeanFrequency()"
517,"fBodyAccMag.skewness..","FrequencyBodyAccelerometerMagnitude-skewness()"
518,"fBodyAccMag.kurtosis..","FrequencyBodyAccelerometerMagnitude-kurtosis()"
519,"fBodyBodyAccJerkMag.mean..","FrequencyBodyAccelerometerJerkMagnitudeMean()"
520,"fBodyBodyAccJerkMag.std..","FrequencyBodyAccelerometerJerkMagnitudeStd()"
521,"fBodyBodyAccJerkMag.mad..","FrequencyBodyAccelerometerJerkMagnitude-Median_Absolute_Deviation()"
522,"fBodyBodyAccJerkMag.max..","FrequencyBodyAccelerometerJerkMagnitude-max()"
523,"fBodyBodyAccJerkMag.min..","FrequencyBodyAccelerometerJerkMagnitude-min()"
524,"fBodyBodyAccJerkMag.sma..","FrequencyBodyAccelerometerJerkMagnitude-SignalMagnitudeArea()"
525,"fBodyBodyAccJerkMag.energy..","FrequencyBodyAccelerometerJerkMagnitude-energy()"
526,"fBodyBodyAccJerkMag.iqr..","FrequencyBodyAccelerometerJerkMagnitude-InterquartileRange()"
527,"fBodyBodyAccJerkMag.entropy..","FrequencyBodyAccelerometerJerkMagnitude-entropy()"
528,"fBodyBodyAccJerkMag.maxInds","FrequencyBodyAccelerometerJerkMagnitude-MaximumFrequencyMagnitudeIndex"
529,"fBodyBodyAccJerkMag.meanFreq..","FrequencyBodyAccelerometerJerkMagnitudeMeanFrequency()"
530,"fBodyBodyAccJerkMag.skewness..","FrequencyBodyAccelerometerJerkMagnitude-skewness()"
531,"fBodyBodyAccJerkMag.kurtosis..","FrequencyBodyAccelerometerJerkMagnitude-kurtosis()"
532,"fBodyBodyGyroMag.mean..","FrequencyBodyGyroscopeMagnitudeMean()"
533,"fBodyBodyGyroMag.std..","FrequencyBodyGyroscopeMagnitudeStd()"
534,"fBodyBodyGyroMag.mad..","FrequencyBodyGyroscopeMagnitude-Median_Absolute_Deviation()"
535,"fBodyBodyGyroMag.max..","FrequencyBodyGyroscopeMagnitude-max()"
536,"fBodyBodyGyroMag.min..","FrequencyBodyGyroscopeMagnitude-min()"
537,"fBodyBodyGyroMag.sma..","FrequencyBodyGyroscopeMagnitude-SignalMagnitudeArea()"
538,"fBodyBodyGyroMag.energy..","FrequencyBodyGyroscopeMagnitude-energy()"
539,"fBodyBodyGyroMag.iqr..","FrequencyBodyGyroscopeMagnitude-InterquartileRange()"
540,"fBodyBodyGyroMag.entropy..","FrequencyBodyGyroscopeMagnitude-entropy()"
541,"fBodyBodyGyroMag.maxInds","FrequencyBodyGyroscopeMagnitude-MaximumFrequencyMagnitudeIndex"
542,"fBodyBodyGyroMag.meanFreq..","FrequencyBodyGyroscopeMagnitudeMeanFrequency()"
543,"fBodyBodyGyroMag.skewness..","FrequencyBodyGyroscopeMagnitude-skewness()"
544,"fBodyBodyGyroMag.kurtosis..","FrequencyBodyGyroscopeMagnitude-kurtosis()"
545,"fBodyBodyGyroJerkMag.mean..","FrequencyBodyGyroscopeJerkMagnitudeMean()"
546,"fBodyBodyGyroJerkMag.std..","FrequencyBodyGyroscopeJerkMagnitudeStd()"
547,"fBodyBodyGyroJerkMag.mad..","FrequencyBodyGyroscopeJerkMagnitude-Median_Absolute_Deviation()"
548,"fBodyBodyGyroJerkMag.max..","FrequencyBodyGyroscopeJerkMagnitude-max()"
549,"fBodyBodyGyroJerkMag.min..","FrequencyBodyGyroscopeJerkMagnitude-min()"
550,"fBodyBodyGyroJerkMag.sma..","FrequencyBodyGyroscopeJerkMagnitude-SignalMagnitudeArea()"
551,"fBodyBodyGyroJerkMag.energy..","FrequencyBodyGyroscopeJerkMagnitude-energy()"
552,"fBodyBodyGyroJerkMag.iqr..","FrequencyBodyGyroscopeJerkMagnitude-InterquartileRange()"
553,"fBodyBodyGyroJerkMag.entropy..","FrequencyBodyGyroscopeJerkMagnitude-entropy()"
554,"fBodyBodyGyroJerkMag.maxInds","FrequencyBodyGyroscopeJerkMagnitude-MaximumFrequencyMagnitudeIndex"
555,"fBodyBodyGyroJerkMag.meanFreq..","FrequencyBodyGyroscopeJerkMagnitudeMeanFrequency()"
556,"fBodyBodyGyroJerkMag.skewness..","FrequencyBodyGyroscopeJerkMagnitude-skewness()"
557,"fBodyBodyGyroJerkMag.kurtosis..","FrequencyBodyGyroscopeJerkMagnitude-kurtosis()"
558,"angle.tBodyAccMean.gravity.","Angle(TimeBodyAccelerometerMean,GravityMean)"
559,"angle.tBodyAccJerkMean..gravityMean.","Angle(TimeBodyAccelerometerJerkMean,GravityMean)"
560,"angle.tBodyGyroMean.gravityMean.","Angle(TimeBodyGyroscopeMean,GravityMean)"
561,"angle.tBodyGyroJerkMean.gravityMean.","Angle(TimeBodyGyroscopeJerkMean,GravityMean)"
562,"angle.X.gravityMean.","Angle(X,GravityMean)"
563,"angle.Y.gravityMean.","Angle(Y,GravityMean)"
564,"angle.Z.gravityMean.","Angle(Z,GravityMean)"
